stem,filename,relpath,severity,bin,rtdetr_l,yolo_nano,yolov8s,recall_mean,group
AM_Bing_211,AM_Bing_211.png,JPEGImages/AM_Bing_211.png,0.2797238230705261,light,0.3333333333333333,0.6666666666666666,0.6666666666666666,0.5555555555555555,intermediate
AM_Bing_232,AM_Bing_232.png,JPEGImages/AM_Bing_232.png,0.1328099519014358,clear,0.6,0.5333333333333333,0.8666666666666667,0.6666666666666666,intermediate
AM_Bing_422,AM_Bing_422.png,JPEGImages/AM_Bing_422.png,0.339370459318161,light,0.3,0.5,0.2,0.3333333333333333,intermediate
AM_Bing_464,AM_Bing_464.png,JPEGImages/AM_Bing_464.png,0.2099036276340484,clear,0.0,0.0,0.0,0.0,failure
AM_Bing_640,AM_Bing_640.png,JPEGImages/AM_Bing_640.png,0.186327263712883,clear,0.7692307692307693,0.6153846153846154,0.6153846153846154,0.6666666666666666,intermediate
AM_Google_10,AM_Google_10.png,JPEGImages/AM_Google_10.png,0.158821627497673,clear,0.8421052631578947,0.4210526315789473,0.8421052631578947,0.7017543859649122,clear
AM_Google_525,AM_Google_525.png,JPEGImages/AM_Google_525.png,0.2018536329269409,clear,0.0,0.0,0.0909090909090909,0.0303030303030303,failure
BD_Baidu_174,BD_Baidu_174.png,JPEGImages/BD_Baidu_174.png,0.262859582901001,light,0.3333333333333333,0.25,0.1666666666666666,0.24999999999999997,failure
BD_Bing_331,BD_Bing_331.png,JPEGImages/BD_Bing_331.png,0.290118932723999,light,0.9285714285714286,1.0,1.0,0.9761904761904763,clear
BD_Bing_358,BD_Bing_358.png,JPEGImages/BD_Bing_358.png,0.1999998092651367,clear,0.8181818181818182,0.6363636363636364,0.7272727272727273,0.7272727272727272,clear
BD_Bing_420,BD_Bing_420.png,JPEGImages/BD_Bing_420.png,0.293861985206604,light,0.4615384615384615,0.4615384615384615,0.5384615384615384,0.48717948717948717,intermediate
BD_Bing_660,BD_Bing_660.png,JPEGImages/BD_Bing_660.png,0.3275744318962097,light,0.6666666666666666,0.8333333333333334,0.8333333333333334,0.7777777777777778,clear
BD_Google_253,BD_Google_253.png,JPEGImages/BD_Google_253.png,0.2934809327125549,light,0.1666666666666666,0.25,0.1666666666666666,0.19444444444444442,failure
BD_Google_357,BD_Google_357.png,JPEGImages/BD_Google_357.png,0.2955259382724762,light,0.0,0.1,0.8,0.3,intermediate
BD_Google_380,BD_Google_380.png,JPEGImages/BD_Google_380.png,0.3122572302818298,light,0.25,0.25,1.0,0.5,intermediate
BD_Google_381,BD_Google_381.png,JPEGImages/BD_Google_381.png,0.1829825192689895,clear,0.5,0.75,0.75,0.6666666666666666,intermediate
BJ_Baidu_04,BJ_Baidu_04.png,JPEGImages/BJ_Baidu_04.png,0.3089303374290466,light,0.0625,0.0625,0.0625,0.0625,failure
BJ_Baidu_1023,BJ_Baidu_1023.png,JPEGImages/BJ_Baidu_1023.png,0.3057949244976043,light,0.0833333333333333,0.0833333333333333,0.25,0.13888888888888887,failure
BJ_Baidu_1035,BJ_Baidu_1035.png,JPEGImages/BJ_Baidu_1035.png,0.2752218246459961,light,0.0,0.0588235294117647,0.1764705882352941,0.07843137254901959,failure
BJ_Baidu_1086,BJ_Baidu_1086.png,JPEGImages/BJ_Baidu_1086.png,0.1878252029418945,clear,0.25,0.5,0.75,0.5,intermediate
BJ_Baidu_1099,BJ_Baidu_1099.png,JPEGImages/BJ_Baidu_1099.png,0.3445405662059784,light,0.8,0.8,0.8,0.8000000000000002,clear
BJ_Baidu_1184,BJ_Baidu_1184.png,JPEGImages/BJ_Baidu_1184.png,0.3288182616233825,light,0.8888888888888888,0.7777777777777778,0.8888888888888888,0.8518518518518517,clear
BJ_Baidu_287,BJ_Baidu_287.png,JPEGImages/BJ_Baidu_287.png,0.3018084466457367,light,0.4666666666666667,0.6,0.6666666666666666,0.5777777777777778,intermediate
BJ_Baidu_41,BJ_Baidu_41.png,JPEGImages/BJ_Baidu_41.png,0.34331214427948,light,0.0625,0.0625,0.125,0.08333333333333333,failure
BJ_Baidu_421,BJ_Baidu_421.png,JPEGImages/BJ_Baidu_421.png,0.3080267310142517,light,0.6666666666666666,0.6666666666666666,0.6666666666666666,0.6666666666666666,intermediate
BJ_Baidu_528,BJ_Baidu_528.png,JPEGImages/BJ_Baidu_528.png,0.1923979222774505,clear,0.0,0.6666666666666666,0.6666666666666666,0.4444444444444444,intermediate
BJ_Baidu_657,BJ_Baidu_657.png,JPEGImages/BJ_Baidu_657.png,0.2456956803798675,clear,0.6,0.2,0.3428571428571428,0.38095238095238093,intermediate
BJ_Baidu_684,BJ_Baidu_684.png,JPEGImages/BJ_Baidu_684.png,0.3121177852153778,light,0.0,0.2,0.2,0.13333333333333333,failure
BJ_Baidu_748,BJ_Baidu_748.png,JPEGImages/BJ_Baidu_748.png,0.2431791275739669,clear,0.0,0.2,0.2,0.13333333333333333,failure
BJ_Baidu_917,BJ_Baidu_917.png,JPEGImages/BJ_Baidu_917.png,0.2759749889373779,light,0.1818181818181818,0.3636363636363636,0.3636363636363636,0.303030303030303,intermediate
BJ_Baidu_966,BJ_Baidu_966.png,JPEGImages/BJ_Baidu_966.png,0.0797265470027923,clear,0.0,1.0,1.0,0.6666666666666666,intermediate
BJ_Baidu_996,BJ_Baidu_996.png,JPEGImages/BJ_Baidu_996.png,0.2396203428506851,clear,0.25,0.5,0.5,0.4166666666666667,intermediate
BJ_Bing_131,BJ_Bing_131.png,JPEGImages/BJ_Bing_131.png,0.3440152406692505,light,0.6428571428571429,0.6428571428571429,0.5714285714285714,0.6190476190476191,intermediate
BJ_Bing_217,BJ_Bing_217.png,JPEGImages/BJ_Bing_217.png,0.296684205532074,light,0.25,0.3125,0.375,0.3125,intermediate
BJ_Bing_261,BJ_Bing_261.png,JPEGImages/BJ_Bing_261.png,0.3318800032138824,light,1.0,0.8,0.9,0.9,clear
BJ_Bing_337,BJ_Bing_337.png,JPEGImages/BJ_Bing_337.png,0.3393048346042633,light,0.0,0.0,1.0,0.3333333333333333,intermediate
BJ_Bing_418,BJ_Bing_418.png,JPEGImages/BJ_Bing_418.png,0.265673816204071,light,0.0,0.0,0.6666666666666666,0.2222222222222222,failure
BJ_Bing_507,BJ_Bing_507.png,JPEGImages/BJ_Bing_507.png,0.142097532749176,clear,0.0,0.0,0.25,0.08333333333333333,failure
BJ_Bing_613,BJ_Bing_613.png,JPEGImages/BJ_Bing_613.png,0.3326205611228943,light,0.5555555555555556,0.5555555555555556,0.5555555555555556,0.5555555555555556,intermediate
BJ_Bing_696,BJ_Bing_696.png,JPEGImages/BJ_Bing_696.png,0.3211164474487304,light,0.0,0.0,0.0,0.0,failure
BJ_Bing_698,BJ_Bing_698.png,JPEGImages/BJ_Bing_698.png,0.3007481396198272,light,0.0,0.3333333333333333,0.6666666666666666,0.3333333333333333,intermediate
BJ_Bing_699,BJ_Bing_699.png,JPEGImages/BJ_Bing_699.png,0.1674687266349792,clear,0.0,0.0,0.0,0.0,failure
BJ_Bing_738,BJ_Bing_738.png,JPEGImages/BJ_Bing_738.png,0.2833601534366607,light,1.0,1.0,1.0,1.0,clear
BJ_Bing_760,BJ_Bing_760.png,JPEGImages/BJ_Bing_760.png,0.31234011054039,light,0.0,0.0,0.0,0.0,failure
BJ_Google_166,BJ_Google_166.png,JPEGImages/BJ_Google_166.png,0.345395565032959,light,0.4,0.4,0.6,0.4666666666666666,intermediate
BJ_Google_261,BJ_Google_261.png,JPEGImages/BJ_Google_261.png,0.3376331329345703,light,0.0,0.0,0.0,0.0,failure
BJ_Google_454,BJ_Google_454.png,JPEGImages/BJ_Google_454.png,0.201668381690979,clear,1.0,0.5,1.0,0.8333333333333334,clear
BJ_Google_508,BJ_Google_508.png,JPEGImages/BJ_Google_508.png,0.3253911733627319,light,0.0555555555555555,0.1666666666666666,0.1111111111111111,0.11111111111111106,failure
BJ_Google_613,BJ_Google_613.png,JPEGImages/BJ_Google_613.png,0.3354640603065491,light,0.5,0.375,1.0,0.625,intermediate
BL_Baidu_129,BL_Baidu_129.png,JPEGImages/BL_Baidu_129.png,0.2362386882305145,clear,0.625,0.25,0.5,0.4583333333333333,intermediate
BL_Baidu_134,BL_Baidu_134.png,JPEGImages/BL_Baidu_134.png,0.3387695550918579,light,0.2,0.4,0.6,0.4000000000000001,intermediate
BL_Baidu_176,BL_Baidu_176.png,JPEGImages/BL_Baidu_176.png,0.3354392349720001,light,0.0,0.0,0.1666666666666666,0.05555555555555553,failure
BL_Bing_092,BL_Bing_092.png,JPEGImages/BL_Bing_092.png,0.3334512114524841,light,1.0,1.0,1.0,1.0,clear
BL_Bing_122,BL_Bing_122.png,JPEGImages/BL_Bing_122.png,0.3260742425918579,light,0.1666666666666666,0.1666666666666666,0.5,0.27777777777777773,failure
BL_Bing_126,BL_Bing_126.png,JPEGImages/BL_Bing_126.png,0.3055660724639892,light,0.4545454545454545,0.5454545454545454,0.4545454545454545,0.4848484848484848,intermediate
BL_Bing_186,BL_Bing_186.png,JPEGImages/BL_Bing_186.png,0.2579143941402435,clear,0.6,0.7,1.0,0.7666666666666666,clear
BL_Bing_591,BL_Bing_591.png,JPEGImages/BL_Bing_591.png,0.3317029476165771,light,0.5,0.75,0.75,0.6666666666666666,intermediate
BL_Google_047,BL_Google_047.png,JPEGImages/BL_Google_047.png,0.2767835259437561,light,0.2222222222222222,0.3333333333333333,0.4444444444444444,0.3333333333333333,intermediate
BL_Google_065,BL_Google_065.png,JPEGImages/BL_Google_065.png,0.2350588887929916,clear,0.6086956521739131,0.5652173913043478,0.6086956521739131,0.5942028985507246,intermediate
BL_Google_199,BL_Google_199.png,JPEGImages/BL_Google_199.png,0.2702654898166656,light,0.48,0.64,0.48,0.5333333333333333,intermediate
BL_Google_440,BL_Google_440.png,JPEGImages/BL_Google_440.png,0.2979040145874023,light,0.4210526315789473,0.6842105263157895,0.5789473684210527,0.5614035087719298,intermediate
CC_Baidu_148,CC_Baidu_148.png,JPEGImages/CC_Baidu_148.png,0.3273742794990539,light,0.0,0.0,0.2,0.06666666666666667,failure
CC_Baidu_151,CC_Baidu_151.png,JPEGImages/CC_Baidu_151.png,0.2002138048410415,clear,0.0,0.0,0.0,0.0,failure
CC_Bing_112,CC_Bing_112.png,JPEGImages/CC_Bing_112.png,0.1141494214534759,clear,0.0,0.0,0.5,0.16666666666666666,failure
CC_Bing_327,CC_Bing_327.png,JPEGImages/CC_Bing_327.png,0.3258649110794067,light,0.0,0.5,0.0,0.16666666666666666,failure
CC_Bing_357,CC_Bing_357.png,JPEGImages/CC_Bing_357.png,0.3306563198566437,light,0.0,0.3,0.2,0.16666666666666666,failure
CC_Google_074,CC_Google_074.png,JPEGImages/CC_Google_074.png,0.3350279331207275,light,0.5,0.5,0.0,0.3333333333333333,intermediate
CC_Google_089,CC_Google_089.png,JPEGImages/CC_Google_089.png,0.3462562263011932,light,0.0,0.0,0.0,0.0,failure
CD_Baidu_180,CD_Baidu_180.png,JPEGImages/CD_Baidu_180.png,0.3475887775421142,light,0.3636363636363636,0.5454545454545454,0.5454545454545454,0.4848484848484848,intermediate
CD_Bing_139,CD_Bing_139.png,JPEGImages/CD_Bing_139.png,0.1903728246688842,clear,0.125,0.125,0.125,0.125,failure
CD_Bing_176,CD_Bing_176.png,JPEGImages/CD_Bing_176.png,0.3197567462921142,light,0.0,0.0,1.0,0.3333333333333333,intermediate
CD_Bing_177,CD_Bing_177.png,JPEGImages/CD_Bing_177.png,0.3021097183227539,light,0.0,0.5,0.8333333333333334,0.4444444444444445,intermediate
CD_Bing_214,CD_Bing_214.png,JPEGImages/CD_Bing_214.png,0.2355748116970062,clear,0.0,0.0,0.0,0.0,failure
CD_Bing_221,CD_Bing_221.png,JPEGImages/CD_Bing_221.png,0.2268723547458648,clear,0.0333333333333333,0.0,0.0,0.0111111111111111,failure
CD_Bing_292,CD_Bing_292.png,JPEGImages/CD_Bing_292.png,0.3202972114086151,light,0.0333333333333333,0.1333333333333333,0.2333333333333333,0.1333333333333333,failure
CD_Bing_436,CD_Bing_436.png,JPEGImages/CD_Bing_436.png,0.2127837240695953,clear,0.0,0.0,1.0,0.3333333333333333,intermediate
CD_Bing_501,CD_Bing_501.png,JPEGImages/CD_Bing_501.png,0.2959438264369964,light,0.6,0.5,0.5,0.5333333333333333,intermediate
CD_Bing_662,CD_Bing_662.png,JPEGImages/CD_Bing_662.png,0.2009433507919311,clear,0.0,0.0,0.5,0.16666666666666666,failure
CD_Bing_790,CD_Bing_790.png,JPEGImages/CD_Bing_790.png,0.3016315996646881,light,0.8888888888888888,0.8888888888888888,0.8888888888888888,0.8888888888888888,clear
CD_Google_372,CD_Google_372.png,JPEGImages/CD_Google_372.png,0.3336122035980224,light,0.0,0.0,0.0,0.0,failure
CD_Google_631,CD_Google_631.png,JPEGImages/CD_Google_631.png,0.2407607585191726,clear,0.5483870967741935,0.064516129032258,0.1612903225806451,0.2580645161290322,failure
CQ_Baidu_316,CQ_Baidu_316.png,JPEGImages/CQ_Baidu_316.png,0.3101922273635864,light,0.6666666666666666,0.6666666666666666,0.8333333333333334,0.7222222222222222,clear
CQ_Baidu_327,CQ_Baidu_327.png,JPEGImages/CQ_Baidu_327.png,0.1443065553903579,clear,0.0,0.5,1.0,0.5,intermediate
CQ_Bing_318,CQ_Bing_318.png,JPEGImages/CQ_Bing_318.png,0.3218657970428467,light,0.1666666666666666,0.8333333333333334,0.3333333333333333,0.4444444444444444,intermediate
DJ_Baidu_179,DJ_Baidu_179.png,JPEGImages/DJ_Baidu_179.png,0.3142162561416626,light,0.0,0.0,0.0,0.0,failure
DJ_Bing_121,DJ_Bing_121.png,JPEGImages/DJ_Bing_121.png,0.286149799823761,light,0.6,0.6,0.8,0.6666666666666666,intermediate
DJ_Bing_127,DJ_Bing_127.png,JPEGImages/DJ_Bing_127.png,0.3004078567028045,light,0.5,0.5,1.0,0.6666666666666666,intermediate
DJ_Bing_20,DJ_Bing_20.png,JPEGImages/DJ_Bing_20.png,0.1650956571102142,clear,1.0,1.0,1.0,1.0,clear
DJ_Bing_259,DJ_Bing_259.png,JPEGImages/DJ_Bing_259.png,0.3153683543205261,light,0.0,0.6666666666666666,1.0,0.5555555555555555,intermediate
DJ_Bing_271,DJ_Bing_271.png,JPEGImages/DJ_Bing_271.png,0.3401155769824981,light,0.5,0.625,0.875,0.6666666666666666,intermediate
DJ_Bing_321,DJ_Bing_321.png,JPEGImages/DJ_Bing_321.png,0.3220709264278412,light,0.1956521739130435,0.1304347826086956,0.3695652173913043,0.2318840579710145,failure
FogDr_Bing_019,FogDr_Bing_019.png,JPEGImages/FogDr_Bing_019.png,0.3093918561935425,light,0.6666666666666666,0.6666666666666666,0.6666666666666666,0.6666666666666666,intermediate
FogDr_Bing_106,FogDr_Bing_106.png,JPEGImages/FogDr_Bing_106.png,0.3305099010467529,light,0.2,0.2,0.4,0.26666666666666666,failure
FogDr_Bing_237,FogDr_Bing_237.png,JPEGImages/FogDr_Bing_237.png,0.2971040904521942,light,0.3333333333333333,1.0,1.0,0.7777777777777777,clear
FogDr_Bing_367,FogDr_Bing_367.png,JPEGImages/FogDr_Bing_367.png,0.2743326723575592,light,0.5,0.5,0.5,0.5,intermediate
FogDr_Bing_569,FogDr_Bing_569.png,JPEGImages/FogDr_Bing_569.png,0.3350505232810974,light,1.0,1.0,1.0,1.0,clear
FogDr_Google_003,FogDr_Google_003.png,JPEGImages/FogDr_Google_003.png,0.1766959875822067,clear,0.0,0.0,0.0,0.0,failure
FogDr_Google_036,FogDr_Google_036.png,JPEGImages/FogDr_Google_036.png,0.3302476406097412,light,0.0,0.0,0.0,0.0,failure
FogDr_Google_058,FogDr_Google_058.png,JPEGImages/FogDr_Google_058.png,0.3006637394428253,light,0.0,0.1428571428571428,0.0,0.047619047619047596,failure
FogDr_Google_062,FogDr_Google_062.png,JPEGImages/FogDr_Google_062.png,0.3385044038295746,light,0.0,1.0,0.0,0.3333333333333333,intermediate
FogDr_Google_072,FogDr_Google_072.png,JPEGImages/FogDr_Google_072.png,0.2905926704406738,light,0.0,0.0,0.0,0.0,failure
FogDr_Google_073,FogDr_Google_073.png,JPEGImages/FogDr_Google_073.png,0.1348848491907119,clear,0.0,0.0,0.0,0.0,failure
FogDr_Google_074,FogDr_Google_074.png,JPEGImages/FogDr_Google_074.png,0.2300378978252411,clear,0.0,0.0,0.0,0.0,failure
FogDr_Google_077,FogDr_Google_077.png,JPEGImages/FogDr_Google_077.png,0.2339650243520736,clear,1.0,1.0,1.0,1.0,clear
FogDr_Google_080,FogDr_Google_080.png,JPEGImages/FogDr_Google_080.png,0.3119255006313324,light,0.0,0.0,0.3333333333333333,0.1111111111111111,failure
FogDr_Google_140,FogDr_Google_140.png,JPEGImages/FogDr_Google_140.png,0.1442724615335464,clear,0.0,0.0,0.0,0.0,failure
FogDr_Google_172,FogDr_Google_172.png,JPEGImages/FogDr_Google_172.png,0.3022763729095459,light,1.0,0.0,1.0,0.6666666666666666,intermediate
FogDr_Google_187,FogDr_Google_187.png,JPEGImages/FogDr_Google_187.png,0.3261065483093261,light,0.15,0.1,0.15,0.13333333333333333,failure
FogDr_Google_246,FogDr_Google_246.png,JPEGImages/FogDr_Google_246.png,0.3437877297401428,light,0.0,0.5,0.6666666666666666,0.38888888888888884,intermediate
FogDr_Google_279,FogDr_Google_279.png,JPEGImages/FogDr_Google_279.png,0.146243542432785,clear,1.0,1.0,1.0,1.0,clear
FogDr_Google_294,FogDr_Google_294.png,JPEGImages/FogDr_Google_294.png,0.337281733751297,light,0.0,0.0,0.0,0.0,failure
FogDr_Google_365,FogDr_Google_365.png,JPEGImages/FogDr_Google_365.png,0.0541875809431076,clear,0.0,0.0,0.0,0.0,failure
FogDr_Google_429,FogDr_Google_429.png,JPEGImages/FogDr_Google_429.png,0.3254349529743194,light,0.0,0.0,0.0,0.0,failure
FogDr_Google_519,FogDr_Google_519.png,JPEGImages/FogDr_Google_519.png,0.2667613327503204,light,1.0,1.0,1.0,1.0,clear
FogDr_Google_520,FogDr_Google_520.png,JPEGImages/FogDr_Google_520.png,0.3252665102481842,light,1.0,0.0,0.0,0.3333333333333333,intermediate
FogDr_Google_694,FogDr_Google_694.png,JPEGImages/FogDr_Google_694.png,0.1898364126682281,clear,0.5,0.5,0.5,0.5,intermediate
FogDr_Google_713,FogDr_Google_713.png,JPEGImages/FogDr_Google_713.png,0.3463277816772461,light,0.0,0.0,0.0,0.0,failure
FogDr_Google_724,FogDr_Google_724.png,JPEGImages/FogDr_Google_724.png,0.3068574965000152,light,1.0,1.0,1.0,1.0,clear
FogDr_Google_744,FogDr_Google_744.png,JPEGImages/FogDr_Google_744.png,0.2202332913875579,clear,0.0,0.0,0.0,0.0,failure
FogDr_Google_798,FogDr_Google_798.png,JPEGImages/FogDr_Google_798.png,0.3421819508075714,light,0.8571428571428571,0.7142857142857143,0.8571428571428571,0.8095238095238094,clear
GRCN_Google_713,GRCN_Google_713.png,JPEGImages/GRCN_Google_713.png,0.2544280886650085,clear,0.0,0.0,0.0,0.0,failure
GSGL_Baidu_051,GSGL_Baidu_051.png,JPEGImages/GSGL_Baidu_051.png,0.208363190293312,clear,0.0327868852459016,0.0,0.0,0.010928961748633866,failure
GSGL_Baidu_1016,GSGL_Baidu_1016.png,JPEGImages/GSGL_Baidu_1016.png,0.2628165185451507,light,0.0,0.0,0.3333333333333333,0.1111111111111111,failure
GSGL_Baidu_1035,GSGL_Baidu_1035.png,JPEGImages/GSGL_Baidu_1035.png,0.2757791876792907,light,0.6870229007633588,0.2977099236641221,0.5572519083969466,0.5139949109414759,intermediate
GSGL_Baidu_1054,GSGL_Baidu_1054.png,JPEGImages/GSGL_Baidu_1054.png,0.1968259960412979,clear,0.3703703703703703,0.2222222222222222,0.3703703703703703,0.3209876543209876,intermediate
GSGL_Baidu_1066,GSGL_Baidu_1066.png,JPEGImages/GSGL_Baidu_1066.png,0.266810804605484,light,0.1428571428571428,0.1428571428571428,0.1428571428571428,0.1428571428571428,failure
GSGL_Baidu_1136,GSGL_Baidu_1136.png,JPEGImages/GSGL_Baidu_1136.png,0.270417183637619,light,1.0,1.0,0.0,0.6666666666666666,intermediate
GSGL_Baidu_1163,GSGL_Baidu_1163.png,JPEGImages/GSGL_Baidu_1163.png,0.3070329427719116,light,0.6410256410256411,0.1025641025641025,0.2564102564102564,0.3333333333333333,intermediate
GSGL_Baidu_133,GSGL_Baidu_133.png,JPEGImages/GSGL_Baidu_133.png,0.2186252176761627,clear,0.0833333333333333,0.5833333333333334,0.5,0.38888888888888884,intermediate
GSGL_Baidu_145,GSGL_Baidu_145.png,JPEGImages/GSGL_Baidu_145.png,0.3246533572673797,light,0.0,0.0,0.2727272727272727,0.0909090909090909,failure
GSGL_Baidu_261,GSGL_Baidu_261.png,JPEGImages/GSGL_Baidu_261.png,0.2041119337081909,clear,0.0,0.0,0.0,0.0,failure
GSGL_Baidu_300,GSGL_Baidu_300.png,JPEGImages/GSGL_Baidu_300.png,0.2201332449913025,clear,0.2727272727272727,0.0,0.0909090909090909,0.1212121212121212,failure
GSGL_Baidu_476,GSGL_Baidu_476.png,JPEGImages/GSGL_Baidu_476.png,0.3079984188079834,light,0.0,0.0,0.0,0.0,failure
GSGL_Baidu_489,GSGL_Baidu_489.png,JPEGImages/GSGL_Baidu_489.png,0.3391606211662292,light,0.8611111111111112,0.5,0.5833333333333334,0.6481481481481483,intermediate
GSGL_Baidu_619,GSGL_Baidu_619.png,JPEGImages/GSGL_Baidu_619.png,0.2756158709526062,light,0.625,0.375,0.5,0.5,intermediate
GSGL_Baidu_684,GSGL_Baidu_684.png,JPEGImages/GSGL_Baidu_684.png,0.329265832901001,light,0.8,0.6,0.6,0.6666666666666666,intermediate
GSGL_Baidu_788,GSGL_Baidu_788.png,JPEGImages/GSGL_Baidu_788.png,0.3440716862678528,light,0.6666666666666666,0.1805555555555555,0.4166666666666667,0.4212962962962963,intermediate
GSGL_Baidu_845,GSGL_Baidu_845.png,JPEGImages/GSGL_Baidu_845.png,0.3247974514961242,light,0.0,0.125,0.25,0.125,failure
GSGL_Baidu_873,GSGL_Baidu_873.png,JPEGImages/GSGL_Baidu_873.png,0.3045149445533752,light,0.1176470588235294,0.0294117647058823,0.1470588235294117,0.09803921568627445,failure
GSGL_Bing_210,GSGL_Bing_210.png,JPEGImages/GSGL_Bing_210.png,0.2797137796878814,light,0.2,0.2,0.2,0.20000000000000004,failure
GSGL_Bing_217,GSGL_Bing_217.png,JPEGImages/GSGL_Bing_217.png,0.2403514683246612,clear,0.0,0.0,0.0,0.0,failure
GSGL_Bing_535,GSGL_Bing_535.png,JPEGImages/GSGL_Bing_535.png,0.3476906418800354,light,0.0,0.0,0.1111111111111111,0.037037037037037035,failure
GSGL_Bing_681,GSGL_Bing_681.png,JPEGImages/GSGL_Bing_681.png,0.2672338783740997,light,0.25,0.25,0.375,0.2916666666666667,failure
GSGL_Google_120,GSGL_Google_120.png,JPEGImages/GSGL_Google_120.png,0.0099976956844329,clear,0.0,0.0,0.0,0.0,failure
GSGL_Google_121,GSGL_Google_121.png,JPEGImages/GSGL_Google_121.png,0.2718621492385864,light,0.0,0.0,0.0,0.0,failure
HC_Bing_660,HC_Bing_660.png,JPEGImages/HC_Bing_660.png,0.3384445011615753,light,1.0,1.0,1.0,1.0,clear
HC_Google_364,HC_Google_364.png,JPEGImages/HC_Google_364.png,0.2836930155754089,light,0.4210526315789473,0.2105263157894736,0.1578947368421052,0.26315789473684204,failure
HC_Google_613,HC_Google_613.png,JPEGImages/HC_Google_613.png,0.1945907920598983,clear,0.1818181818181818,0.5454545454545454,0.6363636363636364,0.45454545454545453,intermediate
HEB_Baidu_534,HEB_Baidu_534.png,JPEGImages/HEB_Baidu_534.png,0.3222516477108001,light,0.875,0.875,0.875,0.875,clear
HEB_Bing_108,HEB_Bing_108.png,JPEGImages/HEB_Bing_108.png,0.2745571136474609,light,0.3636363636363636,0.4545454545454545,0.1818181818181818,0.3333333333333333,intermediate
HEB_Bing_122,HEB_Bing_122.png,JPEGImages/HEB_Bing_122.png,0.1899871677160263,clear,0.0,0.0,0.0,0.0,failure
HEB_Bing_340,HEB_Bing_340.png,JPEGImages/HEB_Bing_340.png,0.311462938785553,light,0.8571428571428571,0.8571428571428571,0.8571428571428571,0.8571428571428571,clear
HEB_Bing_365,HEB_Bing_365.png,JPEGImages/HEB_Bing_365.png,0.2984947562217712,light,0.5555555555555556,0.7777777777777778,0.6666666666666666,0.6666666666666666,intermediate
HEB_Bing_398,HEB_Bing_398.png,JPEGImages/HEB_Bing_398.png,0.2203696966171264,clear,0.1538461538461538,0.1538461538461538,0.3846153846153846,0.23076923076923073,failure
HEB_Bing_403,HEB_Bing_403.png,JPEGImages/HEB_Bing_403.png,0.2508193850517273,clear,0.0,0.0,0.0,0.0,failure
HEB_Bing_560,HEB_Bing_560.png,JPEGImages/HEB_Bing_560.png,0.3152459263801574,light,0.625,0.75,0.875,0.75,clear
HEB_Bing_653,HEB_Bing_653.png,JPEGImages/HEB_Bing_653.png,0.2426196038722992,clear,0.3368421052631579,0.0842105263157894,0.231578947368421,0.21754385964912273,failure
HEB_Google_102,HEB_Google_102.png,JPEGImages/HEB_Google_102.png,0.1676497012376785,clear,0.0,0.0,0.0,0.0,failure
HEB_Google_399,HEB_Google_399.png,JPEGImages/HEB_Google_399.png,0.3456240594387054,light,0.1818181818181818,0.0,0.6363636363636364,0.2727272727272727,failure
HEB_Google_556,HEB_Google_556.png,JPEGImages/HEB_Google_556.png,0.2948170006275177,light,0.1111111111111111,0.3333333333333333,0.7777777777777778,0.40740740740740744,intermediate
HEB_Google_593,HEB_Google_593.png,JPEGImages/HEB_Google_593.png,0.3288871049880981,light,0.0,0.0,0.1666666666666666,0.05555555555555553,failure
HF_Baidu_136,HF_Baidu_136.png,JPEGImages/HF_Baidu_136.png,0.2802595496177673,light,0.5,0.5,0.5,0.5,intermediate
HF_Baidu_202,HF_Baidu_202.png,JPEGImages/HF_Baidu_202.png,0.3047553896903991,light,0.0,0.0,0.25,0.08333333333333333,failure
HF_Bing_038,HF_Bing_038.png,JPEGImages/HF_Bing_038.png,0.1541048884391784,clear,0.0,0.4,0.2,0.20000000000000004,failure
HF_Bing_141,HF_Bing_141.png,JPEGImages/HF_Bing_141.png,0.2142597734928131,clear,0.0,0.2,0.4,0.20000000000000004,failure
HF_Bing_250,HF_Bing_250.png,JPEGImages/HF_Bing_250.png,0.1925361454486847,clear,0.0,0.0,0.0,0.0,failure
HF_Bing_60,HF_Bing_60.png,JPEGImages/HF_Bing_60.png,0.2759699523448944,light,0.3333333333333333,0.3333333333333333,0.5555555555555556,0.40740740740740744,intermediate
HF_Google_194,HF_Google_194.png,JPEGImages/HF_Google_194.png,0.3222530484199524,light,0.0,0.0,0.3333333333333333,0.1111111111111111,failure
HF_Google_337,HF_Google_337.png,JPEGImages/HF_Google_337.png,0.3332157731056213,light,0.5,0.3333333333333333,0.5,0.4444444444444444,intermediate
HF_Google_559,HF_Google_559.png,JPEGImages/HF_Google_559.png,0.3211514353752136,light,0.1363636363636363,0.0,0.0454545454545454,0.06060606060606057,failure
HF_Google_576,HF_Google_576.png,JPEGImages/HF_Google_576.png,0.3381457924842834,light,0.6341463414634146,0.4878048780487805,0.4634146341463415,0.5284552845528455,intermediate
HazeDr_Bing_418,HazeDr_Bing_418.png,JPEGImages/HazeDr_Bing_418.png,0.1828039437532425,clear,0.0,0.0,0.0,0.0,failure
HazeDr_Google_212,HazeDr_Google_212.png,JPEGImages/HazeDr_Google_212.png,0.2592392563819885,clear,0.3333333333333333,0.3333333333333333,0.0,0.2222222222222222,failure
HazeDr_Google_213,HazeDr_Google_213.png,JPEGImages/HazeDr_Google_213.png,0.2035639435052871,clear,0.0,0.0,0.0,0.0,failure
HazeDr_Google_630,HazeDr_Google_630.png,JPEGImages/HazeDr_Google_630.png,0.1997561454772949,clear,0.0,0.0,0.0,0.0,failure
HazeDr_Google_640,HazeDr_Google_640.png,JPEGImages/HazeDr_Google_640.png,0.1674057096242904,clear,0.0,0.0,0.0,0.0,failure
HazeDr_Google_667,HazeDr_Google_667.png,JPEGImages/HazeDr_Google_667.png,0.3346023559570312,light,0.0,0.0,1.0,0.3333333333333333,intermediate
HazeDr_Google_809,HazeDr_Google_809.png,JPEGImages/HazeDr_Google_809.png,0.3429153263568878,light,0.5,0.5,0.1666666666666666,0.38888888888888884,intermediate
HazeDr_Google_845,HazeDr_Google_845.png,JPEGImages/HazeDr_Google_845.png,0.3490782380104065,light,0.0,0.8,0.8,0.5333333333333333,intermediate
HazyDr_Bing_089,HazyDr_Bing_089.png,JPEGImages/HazyDr_Bing_089.png,0.2430982291698455,clear,0.1428571428571428,0.5714285714285714,0.4285714285714285,0.38095238095238093,intermediate
HazyDr_Bing_194,HazyDr_Bing_194.png,JPEGImages/HazyDr_Bing_194.png,0.315177708864212,light,0.0,0.0,0.0,0.0,failure
HazyDr_Bing_228,HazyDr_Bing_228.png,JPEGImages/HazyDr_Bing_228.png,0.2923779189586639,light,0.5,0.4375,0.5,0.4791666666666667,intermediate
HazyDr_Bing_296,HazyDr_Bing_296.png,JPEGImages/HazyDr_Bing_296.png,0.3217764794826507,light,0.5,0.25,0.5,0.4166666666666667,intermediate
HazyDr_Bing_800,HazyDr_Bing_800.png,JPEGImages/HazyDr_Bing_800.png,0.2859077751636505,light,0.0,0.0,0.0,0.0,failure
HazyDr_Google_165,HazyDr_Google_165.png,JPEGImages/HazyDr_Google_165.png,0.3344206511974334,light,0.0,1.0,0.0,0.3333333333333333,intermediate
HazyDr_Google_185,HazyDr_Google_185.png,JPEGImages/HazyDr_Google_185.png,0.2892000675201416,light,0.3333333333333333,0.3333333333333333,0.0,0.2222222222222222,failure
HazyDr_Google_622,HazyDr_Google_622.png,JPEGImages/HazyDr_Google_622.png,0.2629075944423675,light,0.0,0.0,0.0,0.0,failure
HazyDr_Google_798,HazyDr_Google_798.png,JPEGImages/HazyDr_Google_798.png,0.346516877412796,light,0.0,0.1666666666666666,0.6666666666666666,0.27777777777777773,failure
IRQ_Bing_005,IRQ_Bing_005.png,JPEGImages/IRQ_Bing_005.png,0.201396107673645,clear,0.8571428571428571,0.5714285714285714,0.8571428571428571,0.7619047619047619,clear
IRQ_Bing_017,IRQ_Bing_017.png,JPEGImages/IRQ_Bing_017.png,0.2256149053573608,clear,0.8,0.3,0.0,0.3666666666666667,intermediate
IRQ_Bing_018,IRQ_Bing_018.png,JPEGImages/IRQ_Bing_018.png,0.2332534044981002,clear,0.0,0.0,0.2222222222222222,0.07407407407407407,failure
IRQ_Bing_113,IRQ_Bing_113.png,JPEGImages/IRQ_Bing_113.png,0.1568082273006439,clear,0.0,0.0,0.0,0.0,failure
IRQ_Bing_250,IRQ_Bing_250.png,JPEGImages/IRQ_Bing_250.png,0.3499703705310821,light,0.2222222222222222,0.1111111111111111,0.2222222222222222,0.1851851851851852,failure
IRQ_Bing_257,IRQ_Bing_257.png,JPEGImages/IRQ_Bing_257.png,0.2681461572647095,light,0.0,0.0,0.1428571428571428,0.047619047619047596,failure
IRQ_Bing_29,IRQ_Bing_29.png,JPEGImages/IRQ_Bing_29.png,0.3196034729480743,light,0.0,0.0,0.0,0.0,failure
IRQ_Bing_399,IRQ_Bing_399.png,JPEGImages/IRQ_Bing_399.png,0.1545537710189819,clear,0.0,0.3333333333333333,0.0,0.1111111111111111,failure
IRQ_Bing_674,IRQ_Bing_674.png,JPEGImages/IRQ_Bing_674.png,0.2779366075992584,light,0.3333333333333333,0.2666666666666666,0.5333333333333333,0.37777777777777777,intermediate
IRQ_Google_010,IRQ_Google_010.png,JPEGImages/IRQ_Google_010.png,0.2878699600696563,light,0.5714285714285714,0.7142857142857143,0.5714285714285714,0.619047619047619,intermediate
IRQ_Google_030,IRQ_Google_030.png,JPEGImages/IRQ_Google_030.png,0.337047278881073,light,0.2,0.4,0.8,0.46666666666666673,intermediate
IRQ_Google_148,IRQ_Google_148.png,JPEGImages/IRQ_Google_148.png,0.136187344789505,clear,0.0,0.0,0.0,0.0,failure
IRQ_Google_464,IRQ_Google_464.png,JPEGImages/IRQ_Google_464.png,0.2777045369148254,light,0.25,0.25,0.5,0.3333333333333333,intermediate
IRQ_Google_494,IRQ_Google_494.png,JPEGImages/IRQ_Google_494.png,0.3486529886722564,light,0.2,0.2,0.2,0.20000000000000004,failure
JL_Bing_225,JL_Bing_225.png,JPEGImages/JL_Bing_225.png,0.2126912027597427,clear,0.25,0.5,0.5,0.4166666666666667,intermediate
JL_Bing_674,JL_Bing_674.png,JPEGImages/JL_Bing_674.png,0.3496717512607574,light,0.0,0.0,0.3333333333333333,0.1111111111111111,failure
JL_Bing_804,JL_Bing_804.png,JPEGImages/JL_Bing_804.png,0.3417378962039947,light,0.0,0.5,0.5,0.3333333333333333,intermediate
JL_Google_137,JL_Google_137.png,JPEGImages/JL_Google_137.png,0.3388594090938568,light,0.8333333333333334,0.8333333333333334,0.8333333333333334,0.8333333333333334,clear
JL_Google_152,JL_Google_152.png,JPEGImages/JL_Google_152.png,0.2842863500118255,light,0.5777777777777777,0.0888888888888888,0.3555555555555555,0.34074074074074073,intermediate
JL_Google_227,JL_Google_227.png,JPEGImages/JL_Google_227.png,0.3080480396747589,light,1.0,1.0,1.0,1.0,clear
JL_Google_24,JL_Google_24.png,JPEGImages/JL_Google_24.png,0.2939985692501068,light,0.0,0.0,0.5,0.16666666666666666,failure
JL_Google_354,JL_Google_354.png,JPEGImages/JL_Google_354.png,0.2568877637386322,clear,0.0,0.0,0.0,0.0,failure
JL_Google_641,JL_Google_641.png,JPEGImages/JL_Google_641.png,0.3268578052520752,light,0.0,0.0,0.0,0.0,failure
JL_Google_752,JL_Google_752.png,JPEGImages/JL_Google_752.png,0.2515261769294739,clear,0.0,0.0,0.0,0.0,failure
JL_Google_753,JL_Google_753.png,JPEGImages/JL_Google_753.png,0.2073561996221542,clear,0.0,0.0,0.0,0.0,failure
KRO_Google_079,KRO_Google_079.png,JPEGImages/KRO_Google_079.png,0.3253034651279449,light,1.0,1.0,0.5,0.8333333333333334,clear
KRO_Google_344,KRO_Google_344.png,JPEGImages/KRO_Google_344.png,0.2477913200855255,clear,0.4,0.4,0.4,0.4000000000000001,intermediate
LSJ_Baidu_351,LSJ_Baidu_351.png,JPEGImages/LSJ_Baidu_351.png,0.2912001311779022,light,1.0,1.0,1.0,1.0,clear
LSJ_Baidu_670,LSJ_Baidu_670.png,JPEGImages/LSJ_Baidu_670.png,0.1658112108707428,clear,0.0,0.0,0.0,0.0,failure
LSJ_Baidu_810,LSJ_Baidu_810.png,JPEGImages/LSJ_Baidu_810.png,0.3157433867454529,light,0.0,0.0,0.0,0.0,failure
LSJ_Baidu_905,LSJ_Baidu_905.png,JPEGImages/LSJ_Baidu_905.png,0.2585167586803436,clear,0.0,0.0,0.25,0.08333333333333333,failure
LSJ_Baidu_954,LSJ_Baidu_954.png,JPEGImages/LSJ_Baidu_954.png,0.2407703995704651,clear,0.0,0.0,0.5,0.16666666666666666,failure
LSJ_Bing_226,LSJ_Bing_226.png,JPEGImages/LSJ_Bing_226.png,0.228605255484581,clear,0.6071428571428571,0.3214285714285714,0.4642857142857143,0.46428571428571425,intermediate
LSJ_Bing_453,LSJ_Bing_453.png,JPEGImages/LSJ_Bing_453.png,0.3090185821056366,light,0.2580645161290322,0.064516129032258,0.2258064516129032,0.18279569892473113,failure
LSJ_Bing_523,LSJ_Bing_523.png,JPEGImages/LSJ_Bing_523.png,0.3458655476570129,light,0.3333333333333333,0.6666666666666666,0.6666666666666666,0.5555555555555555,intermediate
LZ_Bing_019,LZ_Bing_019.png,JPEGImages/LZ_Bing_019.png,0.0764005780220031,clear,0.6153846153846154,0.3846153846153846,0.7692307692307693,0.5897435897435898,intermediate
LZ_Bing_871,LZ_Bing_871.png,JPEGImages/LZ_Bing_871.png,0.3426220118999481,light,0.4545454545454545,0.3636363636363636,0.4545454545454545,0.42424242424242414,intermediate
LZ_Google_411,LZ_Google_411.png,JPEGImages/LZ_Google_411.png,0.2769259810447693,light,0.1538461538461538,0.4615384615384615,0.4615384615384615,0.358974358974359,intermediate
LZ_Google_416,LZ_Google_416.png,JPEGImages/LZ_Google_416.png,0.324755847454071,light,0.7692307692307693,0.6923076923076923,0.7692307692307693,0.7435897435897436,clear
MLS_Bing_019,MLS_Bing_019.png,JPEGImages/MLS_Bing_019.png,0.3432880640029907,light,0.5,0.0,0.5,0.3333333333333333,intermediate
MLS_Bing_108,MLS_Bing_108.png,JPEGImages/MLS_Bing_108.png,0.323984295129776,light,0.3333333333333333,0.8333333333333334,0.8333333333333334,0.6666666666666666,intermediate
MLS_Bing_123,MLS_Bing_123.png,JPEGImages/MLS_Bing_123.png,0.3301560282707214,light,0.6666666666666666,0.5,0.5,0.5555555555555555,intermediate
MLS_Bing_343,MLS_Bing_343.png,JPEGImages/MLS_Bing_343.png,0.3361165821552276,light,0.5714285714285714,0.5714285714285714,0.7142857142857143,0.6190476190476191,intermediate
MLS_Bing_388,MLS_Bing_388.png,JPEGImages/MLS_Bing_388.png,0.1885927766561508,clear,0.0,0.0,1.0,0.3333333333333333,intermediate
MLS_Bing_552,MLS_Bing_552.png,JPEGImages/MLS_Bing_552.png,0.3125630915164947,light,0.0,0.0,0.0,0.0,failure
MLS_Bing_667,MLS_Bing_667.png,JPEGImages/MLS_Bing_667.png,0.2346229702234268,clear,1.0,0.5,0.5,0.6666666666666666,intermediate
MLS_Bing_688,MLS_Bing_688.png,JPEGImages/MLS_Bing_688.png,0.3132485449314117,light,0.0,0.0,0.125,0.041666666666666664,failure
MLS_Bing_737,MLS_Bing_737.png,JPEGImages/MLS_Bing_737.png,0.1289716809988021,clear,0.5555555555555556,0.3333333333333333,0.7777777777777778,0.5555555555555555,intermediate
MLS_Bing_747,MLS_Bing_747.png,JPEGImages/MLS_Bing_747.png,0.3250032961368561,light,0.0,0.0,0.0,0.0,failure
MLS_Google_060,MLS_Google_060.png,JPEGImages/MLS_Google_060.png,0.3436895310878753,light,0.0,0.0,0.0,0.0,failure
MLS_Google_308,MLS_Google_308.png,JPEGImages/MLS_Google_308.png,0.2540596127510071,clear,0.0,0.0,0.0,0.0,failure
MLS_Google_516,MLS_Google_516.png,JPEGImages/MLS_Google_516.png,0.1850492656230926,clear,0.3333333333333333,0.3333333333333333,0.3333333333333333,0.3333333333333333,intermediate
MLS_Google_633,MLS_Google_633.png,JPEGImages/MLS_Google_633.png,0.275715708732605,light,0.5714285714285714,0.7142857142857143,0.7142857142857143,0.6666666666666666,intermediate
MLS_Google_637,MLS_Google_637.png,JPEGImages/MLS_Google_637.png,0.3245609104633331,light,0.0,0.0,0.0,0.0,failure
MSK_Bing_100,MSK_Bing_100.png,JPEGImages/MSK_Bing_100.png,0.244555115699768,clear,0.0,0.4285714285714285,0.7142857142857143,0.38095238095238093,intermediate
MSK_Bing_104,MSK_Bing_104.png,JPEGImages/MSK_Bing_104.png,0.2826387286186218,light,0.3333333333333333,0.3333333333333333,0.0,0.2222222222222222,failure
MSK_Bing_120,MSK_Bing_120.png,JPEGImages/MSK_Bing_120.png,0.2700564265251159,light,0.1176470588235294,0.1764705882352941,0.2352941176470588,0.17647058823529407,failure
MSK_Bing_160,MSK_Bing_160.png,JPEGImages/MSK_Bing_160.png,0.1875087320804596,clear,0.0,0.0,0.0,0.0,failure
MSK_Bing_227,MSK_Bing_227.png,JPEGImages/MSK_Bing_227.png,0.2617798447608948,light,0.0,0.0,0.0,0.0,failure
MSK_Bing_255,MSK_Bing_255.png,JPEGImages/MSK_Bing_255.png,0.2492642551660537,clear,0.0,0.0,0.0,0.0,failure
MSK_Bing_314,MSK_Bing_314.png,JPEGImages/MSK_Bing_314.png,0.2102842628955841,clear,0.0,0.125,0.625,0.25,failure
MSK_Bing_321,MSK_Bing_321.png,JPEGImages/MSK_Bing_321.png,0.2126654982566833,clear,0.0,0.0,1.0,0.3333333333333333,intermediate
MSK_Bing_556,MSK_Bing_556.png,JPEGImages/MSK_Bing_556.png,0.3056232333183288,light,0.25,0.375,0.375,0.3333333333333333,intermediate
NW_Bing_142,NW_Bing_142.png,JPEGImages/NW_Bing_142.png,0.3409301936626434,light,1.0,0.3333333333333333,1.0,0.7777777777777777,clear
NW_Bing_407,NW_Bing_407.png,JPEGImages/NW_Bing_407.png,0.2806073129177093,light,0.0,0.0,1.0,0.3333333333333333,intermediate
NW_Google_110,NW_Google_110.png,JPEGImages/NW_Google_110.png,0.3095895051956177,light,1.0,0.5,0.5,0.6666666666666666,intermediate
NW_Google_198,NW_Google_198.png,JPEGImages/NW_Google_198.png,0.28627410531044,light,1.0,0.0,0.5,0.5,intermediate
NY_Baidu_138,NY_Baidu_138.png,JPEGImages/NY_Baidu_138.png,0.2652290463447571,light,0.0,0.1666666666666666,0.5,0.2222222222222222,failure
NY_Bing_29,NY_Bing_29.png,JPEGImages/NY_Bing_29.png,0.3332102000713348,light,1.0,0.5,1.0,0.8333333333333334,clear
NY_Bing_407,NY_Bing_407.png,JPEGImages/NY_Bing_407.png,0.2235492318868637,clear,0.5714285714285714,0.5714285714285714,0.5714285714285714,0.5714285714285714,intermediate
NZL_Bing_053,NZL_Bing_053.png,JPEGImages/NZL_Bing_053.png,0.292625367641449,light,0.5,0.5,0.25,0.4166666666666667,intermediate
NZL_Bing_230,NZL_Bing_230.png,JPEGImages/NZL_Bing_230.png,0.2882347404956817,light,0.1111111111111111,0.3333333333333333,0.4444444444444444,0.2962962962962963,failure
NZL_Google_003,NZL_Google_003.png,JPEGImages/NZL_Google_003.png,0.334458440542221,light,0.5,0.5,0.5,0.5,intermediate
NZL_Google_609,NZL_Google_609.png,JPEGImages/NZL_Google_609.png,0.3228663504123688,light,0.0,1.0,0.0,0.3333333333333333,intermediate
OLD_Google_192,OLD_Google_192.png,JPEGImages/OLD_Google_192.png,0.3064269125461578,light,0.25,0.25,0.25,0.25,failure
OLD_Google_344,OLD_Google_344.png,JPEGImages/OLD_Google_344.png,0.3370898365974426,light,0.4166666666666667,0.4166666666666667,0.4166666666666667,0.4166666666666667,intermediate
PL_Bing_046,PL_Bing_046.png,JPEGImages/PL_Bing_046.png,0.2211195230484008,clear,1.0,0.5384615384615384,0.5384615384615384,0.6923076923076922,intermediate
PL_Google_512,PL_Google_512.png,JPEGImages/PL_Google_512.png,0.301189512014389,light,1.0,1.0,1.0,1.0,clear
PL_Google_635,PL_Google_635.png,JPEGImages/PL_Google_635.png,0.2437192499637603,clear,1.0,1.0,1.0,1.0,clear
PL_Google_849,PL_Google_849.png,JPEGImages/PL_Google_849.png,0.2629582285881042,light,1.0,1.0,1.0,1.0,clear
QC_Bing_236,QC_Bing_236.png,JPEGImages/QC_Bing_236.png,0.2986299097537994,light,1.0,1.0,1.0,1.0,clear
QC_Bing_266,QC_Bing_266.png,JPEGImages/QC_Bing_266.png,0.2482678890228271,clear,0.0,0.3333333333333333,0.3333333333333333,0.2222222222222222,failure
QC_Bing_857,QC_Bing_857.png,JPEGImages/QC_Bing_857.png,0.1101377829909324,clear,0.0,0.0,0.0,0.0,failure
QC_Google_324,QC_Google_324.png,JPEGImages/QC_Google_324.png,0.2671025395393371,light,0.0,0.5833333333333334,0.75,0.4444444444444445,intermediate
QD_Baidu_146,QD_Baidu_146.png,JPEGImages/QD_Baidu_146.png,0.2447995841503143,clear,0.5,0.0,0.5,0.3333333333333333,intermediate
QD_Bing_075,QD_Bing_075.png,JPEGImages/QD_Bing_075.png,0.3166457414627075,light,1.0,1.0,1.0,1.0,clear
QD_Bing_179,QD_Bing_179.png,JPEGImages/QD_Bing_179.png,0.3476806581020355,light,0.0263157894736842,0.0,0.0,0.0087719298245614,failure
QD_Bing_439,QD_Bing_439.png,JPEGImages/QD_Bing_439.png,0.1664623171091079,clear,0.1111111111111111,0.0,0.4444444444444444,0.1851851851851852,failure
QD_Bing_533,QD_Bing_533.png,JPEGImages/QD_Bing_533.png,0.2175390124320984,clear,0.0,1.0,1.0,0.6666666666666666,intermediate
QD_Bing_851,QD_Bing_851.png,JPEGImages/QD_Bing_851.png,0.3366227149963379,light,0.0,0.0,1.0,0.3333333333333333,intermediate
QD_Bing_873,QD_Bing_873.png,JPEGImages/QD_Bing_873.png,0.331752747297287,light,0.0,0.4545454545454545,0.3636363636363636,0.2727272727272727,failure
QD_Google_080,QD_Google_080.png,JPEGImages/QD_Google_080.png,0.3475447595119476,light,0.0909090909090909,0.3636363636363636,0.6363636363636364,0.3636363636363636,intermediate
SFC_Bing_448,SFC_Bing_448.png,JPEGImages/SFC_Bing_448.png,0.3366338908672333,light,0.0,0.0,1.0,0.3333333333333333,intermediate
SFC_Google_069,SFC_Google_069.png,JPEGImages/SFC_Google_069.png,0.2564297616481781,clear,1.0,0.875,0.875,0.9166666666666666,clear
SFC_Google_20,SFC_Google_20.png,JPEGImages/SFC_Google_20.png,0.1662422716617584,clear,0.9,0.5,0.6333333333333333,0.6777777777777777,intermediate
SGP_Bing_027,SGP_Bing_027.png,JPEGImages/SGP_Bing_027.png,0.2551586329936981,clear,0.4,0.6,0.8,0.6,intermediate
SGP_Bing_078,SGP_Bing_078.png,JPEGImages/SGP_Bing_078.png,0.2726947069168091,light,1.0,1.0,1.0,1.0,clear
SGP_Bing_082,SGP_Bing_082.png,JPEGImages/SGP_Bing_082.png,0.3141173124313354,light,0.2222222222222222,0.2222222222222222,0.1111111111111111,0.1851851851851852,failure
SGP_Bing_083,SGP_Bing_083.png,JPEGImages/SGP_Bing_083.png,0.3262178599834442,light,0.918918918918919,0.6216216216216216,0.6486486486486487,0.7297297297297298,clear
SGP_Bing_092,SGP_Bing_092.png,JPEGImages/SGP_Bing_092.png,0.3061459958553314,light,0.3,0.4,0.5,0.39999999999999997,intermediate
SGP_Bing_103,SGP_Bing_103.png,JPEGImages/SGP_Bing_103.png,0.2561660408973694,clear,0.3333333333333333,0.4166666666666667,0.5833333333333334,0.4444444444444445,intermediate
SGP_Bing_109,SGP_Bing_109.png,JPEGImages/SGP_Bing_109.png,0.1685867309570312,clear,0.1666666666666666,0.5,0.3333333333333333,0.3333333333333333,intermediate
SGP_Bing_148,SGP_Bing_148.png,JPEGImages/SGP_Bing_148.png,0.3084860742092132,light,0.1666666666666666,0.6666666666666666,0.8333333333333334,0.5555555555555555,intermediate
SGP_Bing_167,SGP_Bing_167.png,JPEGImages/SGP_Bing_167.png,0.2023280709981918,clear,0.0,0.0,0.0,0.0,failure
SGP_Bing_179,SGP_Bing_179.png,JPEGImages/SGP_Bing_179.png,0.1757668256759643,clear,0.0,0.0,0.0,0.0,failure
SGP_Bing_209,SGP_Bing_209.png,JPEGImages/SGP_Bing_209.png,0.1424098461866378,clear,0.0,0.0,0.0,0.0,failure
SGP_Bing_309,SGP_Bing_309.png,JPEGImages/SGP_Bing_309.png,0.2075744718313217,clear,0.2857142857142857,0.1428571428571428,0.2857142857142857,0.23809523809523805,failure
SGP_Bing_414,SGP_Bing_414.png,JPEGImages/SGP_Bing_414.png,0.2857267260551452,light,0.0,0.0,0.0,0.0,failure
SGP_Bing_445,SGP_Bing_445.png,JPEGImages/SGP_Bing_445.png,0.3294440805912018,light,0.2,0.2,0.2,0.20000000000000004,failure
SGP_Bing_623,SGP_Bing_623.png,JPEGImages/SGP_Bing_623.png,0.2127982676029205,clear,0.8095238095238095,0.2857142857142857,0.4047619047619047,0.5,intermediate
SGP_Bing_628,SGP_Bing_628.png,JPEGImages/SGP_Bing_628.png,0.267124205827713,light,0.8333333333333334,0.8333333333333334,0.6666666666666666,0.7777777777777778,clear
SGP_Google_092,SGP_Google_092.png,JPEGImages/SGP_Google_092.png,0.202108085155487,clear,0.5,0.5,0.5,0.5,intermediate
SGP_Google_419,SGP_Google_419.png,JPEGImages/SGP_Google_419.png,0.3090679049491882,light,1.0,1.0,1.0,1.0,clear
SGP_Google_441,SGP_Google_441.png,JPEGImages/SGP_Google_441.png,0.3437908291816711,light,0.0,0.1111111111111111,0.3333333333333333,0.14814814814814814,failure
SH_Baidu_146,SH_Baidu_146.png,JPEGImages/SH_Baidu_146.png,0.2471149861812591,clear,0.0,0.0,0.6666666666666666,0.2222222222222222,failure
SH_Bing_139,SH_Bing_139.png,JPEGImages/SH_Bing_139.png,0.269913375377655,light,0.0,0.25,0.25,0.16666666666666666,failure
SH_Bing_44,SH_Bing_44.png,JPEGImages/SH_Bing_44.png,0.3325401246547699,light,0.3333333333333333,0.0,0.6666666666666666,0.3333333333333333,intermediate
SH_Google_353,SH_Google_353.png,JPEGImages/SH_Google_353.png,0.2672043144702911,light,0.0,0.0,0.4285714285714285,0.14285714285714282,failure
SH_Google_470,SH_Google_470.png,JPEGImages/SH_Google_470.png,0.3363225758075714,light,0.25,0.625,1.0,0.625,intermediate
SH_Google_53,SH_Google_53.png,JPEGImages/SH_Google_53.png,0.2690807282924652,light,0.5,0.125,0.75,0.4583333333333333,intermediate
SJZ_Baidu_1074,SJZ_Baidu_1074.png,JPEGImages/SJZ_Baidu_1074.png,0.3147719502449035,light,0.1428571428571428,0.1428571428571428,0.2857142857142857,0.19047619047619044,failure
SJZ_Baidu_1114,SJZ_Baidu_1114.png,JPEGImages/SJZ_Baidu_1114.png,0.3387152552604675,light,0.0,0.0,0.0,0.0,failure
SJZ_Baidu_1195,SJZ_Baidu_1195.png,JPEGImages/SJZ_Baidu_1195.png,0.2933943569660187,light,0.2,0.1,0.2,0.16666666666666666,failure
SJZ_Baidu_787,SJZ_Baidu_787.png,JPEGImages/SJZ_Baidu_787.png,0.2369585931301117,clear,0.3333333333333333,0.2222222222222222,0.3333333333333333,0.2962962962962963,failure
SJZ_Baidu_891,SJZ_Baidu_891.png,JPEGImages/SJZ_Baidu_891.png,0.2305921167135238,clear,0.75,0.625,0.6666666666666666,0.6805555555555555,intermediate
SJZ_Baidu_910,SJZ_Baidu_910.png,JPEGImages/SJZ_Baidu_910.png,0.3156212866306305,light,0.0909090909090909,0.0909090909090909,0.1818181818181818,0.1212121212121212,failure
SJZ_Baidu_924,SJZ_Baidu_924.png,JPEGImages/SJZ_Baidu_924.png,0.2357811480760574,clear,0.75,0.5,0.875,0.7083333333333334,clear
SJZ_Baidu_994,SJZ_Baidu_994.png,JPEGImages/SJZ_Baidu_994.png,0.2122582495212555,clear,0.0,0.0,1.0,0.3333333333333333,intermediate
SJZ_Bing_196,SJZ_Bing_196.png,JPEGImages/SJZ_Bing_196.png,0.3177118599414825,light,0.7777777777777778,0.2222222222222222,0.4444444444444444,0.48148148148148145,intermediate
SJZ_Bing_377,SJZ_Bing_377.png,JPEGImages/SJZ_Bing_377.png,0.3265436589717865,light,0.0,0.0,0.0,0.0,failure
SJZ_Bing_570,SJZ_Bing_570.png,JPEGImages/SJZ_Bing_570.png,0.2822760939598083,light,0.1627906976744186,0.2209302325581395,0.1976744186046511,0.19379844961240308,failure
SJZ_Bing_666,SJZ_Bing_666.png,JPEGImages/SJZ_Bing_666.png,0.2858535349369049,light,0.0,1.0,1.0,0.6666666666666666,intermediate
SJZ_Bing_673,SJZ_Bing_673.png,JPEGImages/SJZ_Bing_673.png,0.2221800535917282,clear,0.0952380952380952,0.1904761904761904,0.3809523809523809,0.22222222222222218,failure
SJZ_Bing_752,SJZ_Bing_752.png,JPEGImages/SJZ_Bing_752.png,0.3302955627441406,light,0.1666666666666666,0.5,0.5,0.38888888888888884,intermediate
SJZ_Bing_812,SJZ_Bing_812.png,JPEGImages/SJZ_Bing_812.png,0.2689478099346161,light,0.2,0.2,0.4,0.26666666666666666,failure
SY_Baidu_415,SY_Baidu_415.png,JPEGImages/SY_Baidu_415.png,0.3075689077377319,light,0.0,0.0,0.5,0.16666666666666666,failure
SY_Bing_135,SY_Bing_135.png,JPEGImages/SY_Bing_135.png,0.2770508527755737,light,0.5,0.1875,0.3125,0.3333333333333333,intermediate
SY_Bing_541,SY_Bing_541.png,JPEGImages/SY_Bing_541.png,0.2545182704925537,clear,0.5714285714285714,0.4285714285714285,0.2857142857142857,0.42857142857142855,intermediate
SY_Bing_582,SY_Bing_582.png,JPEGImages/SY_Bing_582.png,0.2393362522125244,clear,0.0,0.0,0.0,0.0,failure
SY_Google_299,SY_Google_299.png,JPEGImages/SY_Google_299.png,0.1831810772418975,clear,0.3333333333333333,0.1666666666666666,0.0,0.16666666666666663,failure
SY_Google_363,SY_Google_363.png,JPEGImages/SY_Google_363.png,0.1960051357746124,clear,0.0,0.4545454545454545,0.5454545454545454,0.3333333333333333,intermediate
TJ_Baidu_1032,TJ_Baidu_1032.png,JPEGImages/TJ_Baidu_1032.png,0.2981951534748077,light,0.2,0.0,0.1,0.10000000000000002,failure
TJ_Baidu_175,TJ_Baidu_175.png,JPEGImages/TJ_Baidu_175.png,0.1675999760627746,clear,0.0,0.1428571428571428,0.2857142857142857,0.14285714285714282,failure
TJ_Baidu_225,TJ_Baidu_225.png,JPEGImages/TJ_Baidu_225.png,0.1907325088977813,clear,0.0,0.0,0.0,0.0,failure
TJ_Baidu_525,TJ_Baidu_525.png,JPEGImages/TJ_Baidu_525.png,0.3080605864524841,light,0.0,0.0,1.0,0.3333333333333333,intermediate
TJ_Baidu_559,TJ_Baidu_559.png,JPEGImages/TJ_Baidu_559.png,0.3197519779205322,light,0.5,1.0,1.0,0.8333333333333334,clear
TJ_Baidu_811,TJ_Baidu_811.png,JPEGImages/TJ_Baidu_811.png,0.2585380673408508,clear,0.0,0.0,0.2,0.06666666666666667,failure
TJ_Baidu_813,TJ_Baidu_813.png,JPEGImages/TJ_Baidu_813.png,0.3481613099575043,light,0.4285714285714285,0.3809523809523809,0.4761904761904761,0.42857142857142844,intermediate
TJ_Baidu_900,TJ_Baidu_900.png,JPEGImages/TJ_Baidu_900.png,0.1484411656856537,clear,0.8181818181818182,0.4545454545454545,0.5454545454545454,0.6060606060606061,intermediate
TJ_Bing_563,TJ_Bing_563.png,JPEGImages/TJ_Bing_563.png,0.1948950290679931,clear,0.6666666666666666,0.5,0.6666666666666666,0.611111111111111,intermediate
TJ_Google_390,TJ_Google_390.png,JPEGImages/TJ_Google_390.png,0.2490861862897873,clear,0.0,0.25,0.0,0.08333333333333333,failure
TJ_Google_505,TJ_Google_505.png,JPEGImages/TJ_Google_505.png,0.2733355462551117,light,0.9,0.8,0.9,0.8666666666666667,clear
TJ_Google_707,TJ_Google_707.png,JPEGImages/TJ_Google_707.png,0.3257964849472046,light,0.0,0.0,0.2857142857142857,0.09523809523809523,failure
TKO_Bing_657,TKO_Bing_657.png,JPEGImages/TKO_Bing_657.png,0.0996322110295295,clear,0.5,0.0,0.0,0.16666666666666666,failure
TS_Baidu_195,TS_Baidu_195.png,JPEGImages/TS_Baidu_195.png,0.2473467737436294,clear,0.0,1.0,1.0,0.6666666666666666,intermediate
TS_Bing_262,TS_Bing_262.png,JPEGImages/TS_Bing_262.png,0.2937184870243072,light,0.25,0.25,0.25,0.25,failure
TS_Bing_57,TS_Bing_57.png,JPEGImages/TS_Bing_57.png,0.255353569984436,clear,0.0,0.0,0.6666666666666666,0.2222222222222222,failure
TS_Bing_643,TS_Bing_643.png,JPEGImages/TS_Bing_643.png,0.206478551030159,clear,0.3333333333333333,0.3333333333333333,0.3333333333333333,0.3333333333333333,intermediate
TS_Bing_686,TS_Bing_686.png,JPEGImages/TS_Bing_686.png,0.2690185308456421,light,0.2307692307692307,0.0769230769230769,0.2307692307692307,0.17948717948717943,failure
TS_Google_529,TS_Google_529.png,JPEGImages/TS_Google_529.png,0.2592152655124664,clear,0.6666666666666666,1.0,1.0,0.8888888888888888,clear
TS_Google_579,TS_Google_579.png,JPEGImages/TS_Google_579.png,0.2947989404201507,light,0.0,0.0,0.0,0.0,failure
TS_Google_623,TS_Google_623.png,JPEGImages/TS_Google_623.png,0.3291997015476227,light,0.0,0.25,0.25,0.16666666666666666,failure
WST_Bing_521,WST_Bing_521.png,JPEGImages/WST_Bing_521.png,0.3289048969745636,light,0.5,0.0,0.5,0.3333333333333333,intermediate
WST_Google_074,WST_Google_074.png,JPEGImages/WST_Google_074.png,0.3114983141422272,light,0.6666666666666666,0.5,0.6666666666666666,0.611111111111111,intermediate
XA_Baidu_152,XA_Baidu_152.png,JPEGImages/XA_Baidu_152.png,0.3192141950130462,light,0.0,0.2,0.4,0.20000000000000004,failure
XA_Bing_104,XA_Bing_104.png,JPEGImages/XA_Bing_104.png,0.1613541543483734,clear,0.4285714285714285,0.2857142857142857,0.7142857142857143,0.4761904761904761,intermediate
XA_Bing_194,XA_Bing_194.png,JPEGImages/XA_Bing_194.png,0.2693202197551727,light,0.52,0.44,0.4,0.4533333333333333,intermediate
XA_Bing_282,XA_Bing_282.png,JPEGImages/XA_Bing_282.png,0.3248336017131805,light,0.8,0.8,0.8,0.8000000000000002,clear
XA_Bing_304,XA_Bing_304.png,JPEGImages/XA_Bing_304.png,0.2172742784023285,clear,0.1666666666666666,0.1666666666666666,0.8333333333333334,0.38888888888888884,intermediate
XA_Bing_471,XA_Bing_471.png,JPEGImages/XA_Bing_471.png,0.2371895015239715,clear,0.45,0.25,0.45,0.3833333333333333,intermediate
XA_Bing_733,XA_Bing_733.png,JPEGImages/XA_Bing_733.png,0.2943746149539947,light,0.2666666666666666,0.3333333333333333,0.4666666666666667,0.35555555555555546,intermediate
XA_Google_173,XA_Google_173.png,JPEGImages/XA_Google_173.png,0.2682743668556213,light,1.0,1.0,1.0,1.0,clear
XA_Google_381,XA_Google_381.png,JPEGImages/XA_Google_381.png,0.1992916762828827,clear,0.3396226415094339,0.3018867924528302,0.7169811320754716,0.4528301886792452,intermediate
XG_Bing_106,XG_Bing_106.png,JPEGImages/XG_Bing_106.png,0.3161964416503906,light,0.0,0.0,0.4,0.13333333333333333,failure
XR_Baidu_043,XR_Baidu_043.png,JPEGImages/XR_Baidu_043.png,0.2625077068805694,light,0.0,0.5,1.0,0.5,intermediate
XR_Baidu_047,XR_Baidu_047.png,JPEGImages/XR_Baidu_047.png,0.3213346302509308,light,0.0,0.0,0.0,0.0,failure
XR_Baidu_068,XR_Baidu_068.png,JPEGImages/XR_Baidu_068.png,0.1158621236681938,clear,0.5,0.0,0.0,0.16666666666666666,failure
XR_Baidu_103,XR_Baidu_103.png,JPEGImages/XR_Baidu_103.png,0.1906687021255493,clear,0.0,0.0,1.0,0.3333333333333333,intermediate
XR_Baidu_122,XR_Baidu_122.png,JPEGImages/XR_Baidu_122.png,0.3215444386005401,light,0.3157894736842105,0.2105263157894736,0.2105263157894736,0.2456140350877192,failure
XR_Baidu_131,XR_Baidu_131.png,JPEGImages/XR_Baidu_131.png,0.2265681475400924,clear,0.0,0.0,0.0,0.0,failure
XR_Bing_024,XR_Bing_024.png,JPEGImages/XR_Bing_024.png,0.2796615660190582,light,0.3,0.4,0.5,0.39999999999999997,intermediate
XR_Bing_146,XR_Bing_146.png,JPEGImages/XR_Bing_146.png,0.2256582081317901,clear,0.0,0.1666666666666666,0.3333333333333333,0.16666666666666663,failure
XR_Bing_216,XR_Bing_216.png,JPEGImages/XR_Bing_216.png,0.269787460565567,light,0.0,0.0,0.5,0.16666666666666666,failure
XR_Bing_228,XR_Bing_228.png,JPEGImages/XR_Bing_228.png,0.3449621796607971,light,0.0,0.0,1.0,0.3333333333333333,intermediate
XR_Bing_240,XR_Bing_240.png,JPEGImages/XR_Bing_240.png,0.259327232837677,clear,0.0,0.0,0.3333333333333333,0.1111111111111111,failure
XR_Bing_254,XR_Bing_254.png,JPEGImages/XR_Bing_254.png,0.1157687529921531,clear,0.25,0.0,0.0,0.08333333333333333,failure
XR_Bing_261,XR_Bing_261.png,JPEGImages/XR_Bing_261.png,0.3416863083839416,light,0.0,0.0,0.0,0.0,failure
XR_Bing_40,XR_Bing_40.png,JPEGImages/XR_Bing_40.png,0.3351803421974182,light,1.0,0.6666666666666666,0.6666666666666666,0.7777777777777777,clear
XR_Bing_45,XR_Bing_45.png,JPEGImages/XR_Bing_45.png,0.2551153302192688,clear,0.0,0.75,0.75,0.5,intermediate
XR_Bing_463,XR_Bing_463.png,JPEGImages/XR_Bing_463.png,0.2814764678478241,light,0.0,0.5,0.0,0.16666666666666666,failure
XR_Bing_475,XR_Bing_475.png,JPEGImages/XR_Bing_475.png,0.2085393667221069,clear,0.0,0.0,0.6,0.19999999999999998,failure
XR_Bing_495,XR_Bing_495.png,JPEGImages/XR_Bing_495.png,0.3110642433166504,light,1.0,1.0,1.0,1.0,clear
XR_Bing_497,XR_Bing_497.png,JPEGImages/XR_Bing_497.png,0.3416237235069275,light,0.375,0.5,0.75,0.5416666666666666,intermediate
XR_Bing_637,XR_Bing_637.png,JPEGImages/XR_Bing_637.png,0.3207224905490875,light,0.25,0.1666666666666666,0.4166666666666667,0.27777777777777773,failure
XR_Bing_638,XR_Bing_638.png,JPEGImages/XR_Bing_638.png,0.1695394814014434,clear,0.1111111111111111,0.1111111111111111,0.2222222222222222,0.14814814814814814,failure
XR_Bing_682,XR_Bing_682.png,JPEGImages/XR_Bing_682.png,0.1821193844079971,clear,0.0,0.5,0.5,0.3333333333333333,intermediate
XR_Bing_731,XR_Bing_731.png,JPEGImages/XR_Bing_731.png,0.2913980782032013,light,0.75,0.0,0.0,0.25,failure
XR_Bing_775,XR_Bing_775.png,JPEGImages/XR_Bing_775.png,0.3168488144874573,light,0.0140845070422535,0.0,0.0,0.004694835680751167,failure
XR_Bing_802,XR_Bing_802.png,JPEGImages/XR_Bing_802.png,0.3381761312484741,light,0.125,0.1875,0.3125,0.20833333333333334,failure
XR_Bing_820,XR_Bing_820.png,JPEGImages/XR_Bing_820.png,0.1497774124145507,clear,0.0,0.0,0.0,0.0,failure
XR_Google_102,XR_Google_102.png,JPEGImages/XR_Google_102.png,0.2895011007785797,light,0.7313432835820896,0.044776119402985,0.1492537313432835,0.308457711442786,intermediate
XR_Google_142,XR_Google_142.png,JPEGImages/XR_Google_142.png,0.1634054034948349,clear,0.7272727272727273,0.7272727272727273,0.7272727272727273,0.7272727272727272,clear
XR_Google_275,XR_Google_275.png,JPEGImages/XR_Google_275.png,0.3152231872081756,light,0.375,0.3333333333333333,0.2083333333333333,0.3055555555555555,intermediate
XR_Google_276,XR_Google_276.png,JPEGImages/XR_Google_276.png,0.2746859192848205,light,0.5833333333333334,0.4583333333333333,0.4166666666666667,0.48611111111111116,intermediate
XR_Google_293,XR_Google_293.png,JPEGImages/XR_Google_293.png,0.2979197800159454,light,0.0,0.4,0.5,0.3,intermediate
XR_Google_338,XR_Google_338.png,JPEGImages/XR_Google_338.png,0.2363859862089157,clear,0.25,0.25,0.25,0.25,failure
XR_Google_377,XR_Google_377.png,JPEGImages/XR_Google_377.png,0.3097653687000274,light,0.3,0.5,0.7,0.5,intermediate
XR_Google_403,XR_Google_403.png,JPEGImages/XR_Google_403.png,0.1478334665298462,clear,0.1666666666666666,0.0,0.6666666666666666,0.27777777777777773,failure
XR_Google_411,XR_Google_411.png,JPEGImages/XR_Google_411.png,0.313817411661148,light,0.0,0.0,0.0,0.0,failure
XR_Google_427,XR_Google_427.png,JPEGImages/XR_Google_427.png,0.3205628395080566,light,0.0,0.0,0.5,0.16666666666666666,failure
XR_Google_515,XR_Google_515.png,JPEGImages/XR_Google_515.png,0.20735464990139,clear,0.4090909090909091,0.4545454545454545,0.5,0.45454545454545453,intermediate
XR_Google_529,XR_Google_529.png,JPEGImages/XR_Google_529.png,0.3327534198760986,light,0.5454545454545454,0.3636363636363636,0.7272727272727273,0.5454545454545454,intermediate
XR_Google_638,XR_Google_638.png,JPEGImages/XR_Google_638.png,0.1986821293830871,clear,0.0,0.0,0.5,0.16666666666666666,failure
XR_Google_659,XR_Google_659.png,JPEGImages/XR_Google_659.png,0.3179104328155517,light,0.0,0.1,0.1,0.06666666666666667,failure
XYT_Google_569,XYT_Google_569.png,JPEGImages/XYT_Google_569.png,0.2911316156387329,light,0.4,0.6,0.6,0.5333333333333333,intermediate
YC_Baidu_140,YC_Baidu_140.png,JPEGImages/YC_Baidu_140.png,0.3318043947219848,light,0.3333333333333333,0.3333333333333333,0.3333333333333333,0.3333333333333333,intermediate
YC_Baidu_201,YC_Baidu_201.png,JPEGImages/YC_Baidu_201.png,0.2621391415596008,light,1.0,0.6666666666666666,0.6666666666666666,0.7777777777777777,clear
YC_Bing_000,YC_Bing_000.png,JPEGImages/YC_Bing_000.png,0.1932467818260193,clear,0.0,0.0,1.0,0.3333333333333333,intermediate
YC_Bing_311,YC_Bing_311.png,JPEGImages/YC_Bing_311.png,0.2854828238487243,light,0.1428571428571428,0.0,0.2857142857142857,0.14285714285714282,failure
YD_Baidu_070,YD_Baidu_070.png,JPEGImages/YD_Baidu_070.png,0.0702164098620414,clear,0.0,0.0,0.25,0.08333333333333333,failure
YD_Google_056,YD_Google_056.png,JPEGImages/YD_Google_056.png,0.3154082298278808,light,0.5,0.5,0.5,0.5,intermediate
YSM_Google_515,YSM_Google_515.png,JPEGImages/YSM_Google_515.png,0.3483985662460327,light,1.0,1.0,1.0,1.0,clear
YSM_Google_543,YSM_Google_543.png,JPEGImages/YSM_Google_543.png,0.0898233279585838,clear,0.0,1.0,1.0,0.6666666666666666,intermediate
YSM_Google_639,YSM_Google_639.png,JPEGImages/YSM_Google_639.png,0.3296208381652832,light,0.0,1.0,1.0,0.6666666666666666,intermediate
YST_Bing_105,YST_Bing_105.png,JPEGImages/YST_Bing_105.png,0.2686759531497955,light,1.0,1.0,1.0,1.0,clear
YST_Bing_753,YST_Bing_753.png,JPEGImages/YST_Bing_753.png,0.3097370564937591,light,0.8181818181818182,0.5454545454545454,0.8181818181818182,0.7272727272727274,clear
YST_Google_810,YST_Google_810.png,JPEGImages/YST_Google_810.png,0.1176148056983947,clear,0.0,1.0,0.0,0.3333333333333333,intermediate
YST_Google_891,YST_Google_891.png,JPEGImages/YST_Google_891.png,0.2575771510601043,clear,1.0,1.0,1.0,1.0,clear
YT_Baidu_135,YT_Baidu_135.png,JPEGImages/YT_Baidu_135.png,0.3118848800659179,light,0.0,0.0,0.5,0.16666666666666666,failure
YT_Bing_065,YT_Bing_065.png,JPEGImages/YT_Bing_065.png,0.3201260864734649,light,0.0,0.5,0.25,0.25,failure
YT_Google_296,YT_Google_296.png,JPEGImages/YT_Google_296.png,0.2719701528549194,light,0.1,0.2,0.1,0.13333333333333333,failure
hv10_1,hv10_1.png,JPEGImages/hv10_1.png,0.3142335712909698,light,0.4444444444444444,0.2222222222222222,0.0,0.2222222222222222,failure
hv10_526,hv10_526.png,JPEGImages/hv10_526.png,0.3380506038665771,light,0.1428571428571428,0.0,0.0,0.047619047619047596,failure
hv10_718,hv10_718.png,JPEGImages/hv10_718.png,0.3298243582248688,light,0.1428571428571428,0.1428571428571428,0.0,0.09523809523809519,failure
hv12_1042,hv12_1042.png,JPEGImages/hv12_1042.png,0.3032912909984588,light,0.5,0.5,0.5,0.5,intermediate
hv12_1213,hv12_1213.png,JPEGImages/hv12_1213.png,0.2739048600196838,light,0.5,0.5,0.5,0.5,intermediate
hv12_1357,hv12_1357.png,JPEGImages/hv12_1357.png,0.2671727836132049,light,0.2857142857142857,0.4285714285714285,0.4285714285714285,0.38095238095238093,intermediate
hv12_1482,hv12_1482.png,JPEGImages/hv12_1482.png,0.3460102379322052,light,0.8571428571428571,1.0,1.0,0.9523809523809524,clear
hv12_171,hv12_171.png,JPEGImages/hv12_171.png,0.3333179950714111,light,1.0,0.5,0.5,0.6666666666666666,intermediate
hv12_1774,hv12_1774.png,JPEGImages/hv12_1774.png,0.2312333434820175,clear,0.25,0.25,0.25,0.25,failure
hv12_1848,hv12_1848.png,JPEGImages/hv12_1848.png,0.2884431481361389,light,0.6666666666666666,0.6666666666666666,0.6666666666666666,0.6666666666666666,intermediate
hv12_1862,hv12_1862.png,JPEGImages/hv12_1862.png,0.2781952321529388,light,1.0,0.875,1.0,0.9583333333333334,clear
hv12_1884,hv12_1884.png,JPEGImages/hv12_1884.png,0.287231981754303,light,1.0,0.8333333333333334,1.0,0.9444444444444445,clear
hv12_1897,hv12_1897.png,JPEGImages/hv12_1897.png,0.2599704563617706,clear,1.0,0.8333333333333334,0.8333333333333334,0.888888888888889,clear
hv12_2022,hv12_2022.png,JPEGImages/hv12_2022.png,0.2443064600229263,clear,0.7142857142857143,0.8571428571428571,0.7142857142857143,0.7619047619047619,clear
hv12_2043,hv12_2043.png,JPEGImages/hv12_2043.png,0.2577691972255707,clear,0.7142857142857143,0.7142857142857143,0.5714285714285714,0.6666666666666666,intermediate
hv12_2077,hv12_2077.png,JPEGImages/hv12_2077.png,0.3204870223999023,light,1.0,1.0,1.0,1.0,clear
hv12_2152,hv12_2152.png,JPEGImages/hv12_2152.png,0.3028546571731567,light,0.6363636363636364,0.2727272727272727,0.6363636363636364,0.5151515151515151,intermediate
hv12_2202,hv12_2202.png,JPEGImages/hv12_2202.png,0.2382787466049194,clear,0.9090909090909092,0.6363636363636364,0.9090909090909092,0.8181818181818182,clear
hv12_2247,hv12_2247.png,JPEGImages/hv12_2247.png,0.337955892086029,light,0.6666666666666666,0.6666666666666666,0.5,0.611111111111111,intermediate
hv12_267,hv12_267.png,JPEGImages/hv12_267.png,0.3320727944374084,light,0.5,0.375,0.25,0.375,intermediate
hv12_404,hv12_404.png,JPEGImages/hv12_404.png,0.337388664484024,light,0.8333333333333334,0.6666666666666666,0.6666666666666666,0.7222222222222222,clear
hv12_426,hv12_426.png,JPEGImages/hv12_426.png,0.327897161245346,light,0.875,0.625,0.5,0.6666666666666666,intermediate
hv12_549,hv12_549.png,JPEGImages/hv12_549.png,0.2668753564357757,light,0.6,0.4,0.6,0.5333333333333333,intermediate
hv12_678,hv12_678.png,JPEGImages/hv12_678.png,0.3267940282821655,light,0.6666666666666666,0.3333333333333333,0.6666666666666666,0.5555555555555555,intermediate
hv12_68,hv12_68.png,JPEGImages/hv12_68.png,0.2202870398759842,clear,0.3333333333333333,0.3333333333333333,0.0,0.2222222222222222,failure
hv12_759,hv12_759.png,JPEGImages/hv12_759.png,0.3121274709701538,light,0.9,0.5,0.5,0.6333333333333333,intermediate
hv14_133,hv14_133.png,JPEGImages/hv14_133.png,0.3486261069774627,light,0.8,0.8,0.8,0.8000000000000002,clear
hv14_136,hv14_136.png,JPEGImages/hv14_136.png,0.33387291431427,light,0.8,0.8,0.8,0.8000000000000002,clear
hv16_416,hv16_416.png,JPEGImages/hv16_416.png,0.2683264315128326,light,1.0,1.0,1.0,1.0,clear
hv17_48,hv17_48.png,JPEGImages/hv17_48.png,0.3409195244312286,light,1.0,0.8,0.8,0.8666666666666667,clear
hv1_120,hv1_120.png,JPEGImages/hv1_120.png,0.242750272154808,clear,0.375,0.5,0.875,0.5833333333333334,intermediate
hv1_61,hv1_61.png,JPEGImages/hv1_61.png,0.1562269032001495,clear,0.0,0.1428571428571428,0.0,0.047619047619047596,failure
hv1_72,hv1_72.png,JPEGImages/hv1_72.png,0.1403146684169769,clear,0.0,0.75,0.75,0.5,intermediate
hv1_78,hv1_78.png,JPEGImages/hv1_78.png,0.3201229870319366,light,0.6666666666666666,0.5555555555555556,0.6666666666666666,0.6296296296296297,intermediate
hv1_93,hv1_93.png,JPEGImages/hv1_93.png,0.2249533981084823,clear,0.1666666666666666,0.3333333333333333,0.6666666666666666,0.38888888888888884,intermediate
hv33_124,hv33_124.png,JPEGImages/hv33_124.png,0.1382676661014557,clear,0.0,0.0,0.0,0.0,failure
hv33_183,hv33_183.png,JPEGImages/hv33_183.png,0.344121366739273,light,0.0,0.0,1.0,0.3333333333333333,intermediate
hv34_1033,hv34_1033.png,JPEGImages/hv34_1033.png,0.1407025158405304,clear,0.0,0.0,0.0,0.0,failure
hv34_1270,hv34_1270.png,JPEGImages/hv34_1270.png,0.1096295565366745,clear,0.0,0.0,0.0,0.0,failure
hv34_1778,hv34_1778.png,JPEGImages/hv34_1778.png,0.0929647609591484,clear,0.0,0.0,0.0,0.0,failure
hv34_589,hv34_589.png,JPEGImages/hv34_589.png,0.0699127092957496,clear,0.0,0.0,0.0,0.0,failure
hv36_639,hv36_639.png,JPEGImages/hv36_639.png,0.3384926319122314,light,1.0,1.0,1.0,1.0,clear
hv36_652,hv36_652.png,JPEGImages/hv36_652.png,0.3155315220355987,light,0.5,0.5,0.0,0.3333333333333333,intermediate
hv37_1626,hv37_1626.png,JPEGImages/hv37_1626.png,0.3337663412094116,light,0.8333333333333334,1.0,1.0,0.9444444444444445,clear
hv37_1642,hv37_1642.png,JPEGImages/hv37_1642.png,0.349469244480133,light,1.0,0.8333333333333334,1.0,0.9444444444444445,clear
hv37_1735,hv37_1735.png,JPEGImages/hv37_1735.png,0.3252028822898865,light,1.0,0.5,1.0,0.8333333333333334,clear
hv37_2128,hv37_2128.png,JPEGImages/hv37_2128.png,0.2376557886600494,clear,1.0,0.4,0.4,0.6,intermediate
hv39_,hv39_.png,JPEGImages/hv39_.png,0.3125423491001129,light,1.0,1.0,1.0,1.0,clear
hv39_10,hv39_10.png,JPEGImages/hv39_10.png,0.3334985971450805,light,0.3333333333333333,0.6666666666666666,0.6666666666666666,0.5555555555555555,intermediate
hv39_115,hv39_115.png,JPEGImages/hv39_115.png,0.2872770726680755,light,0.5555555555555556,0.6666666666666666,0.7777777777777778,0.6666666666666666,intermediate
hv39_156,hv39_156.png,JPEGImages/hv39_156.png,0.321807861328125,light,0.4,0.4,0.8,0.5333333333333333,intermediate
hv39_243,hv39_243.png,JPEGImages/hv39_243.png,0.3369032740592956,light,0.7272727272727273,0.9090909090909092,0.8181818181818182,0.8181818181818182,clear
hv39_264,hv39_264.png,JPEGImages/hv39_264.png,0.3301746547222137,light,0.75,0.8333333333333334,0.6666666666666666,0.75,clear
hv39_306,hv39_306.png,JPEGImages/hv39_306.png,0.3255582451820373,light,0.8333333333333334,0.8333333333333334,0.8333333333333334,0.8333333333333334,clear
hv39_312,hv39_312.png,JPEGImages/hv39_312.png,0.3204264044761657,light,0.7142857142857143,0.8571428571428571,0.7142857142857143,0.7619047619047619,clear
hv39_351,hv39_351.png,JPEGImages/hv39_351.png,0.3127312362194061,light,0.75,0.875,0.5,0.7083333333333334,clear
hv39_422,hv39_422.png,JPEGImages/hv39_422.png,0.3294006884098053,light,0.5714285714285714,0.7142857142857143,0.7142857142857143,0.6666666666666666,intermediate
hv39_426,hv39_426.png,JPEGImages/hv39_426.png,0.3196148872375488,light,0.6,0.6,0.6,0.6,intermediate
hv39_49,hv39_49.png,JPEGImages/hv39_49.png,0.2446178644895553,clear,0.7142857142857143,0.7142857142857143,0.7142857142857143,0.7142857142857143,clear
hv39_529,hv39_529.png,JPEGImages/hv39_529.png,0.3364760279655456,light,0.75,0.75,0.75,0.75,clear
hv39_609,hv39_609.png,JPEGImages/hv39_609.png,0.3311970829963684,light,0.3076923076923077,0.4615384615384615,0.5384615384615384,0.43589743589743585,intermediate
hv39_614,hv39_614.png,JPEGImages/hv39_614.png,0.3193577229976654,light,0.5,0.5833333333333334,0.5833333333333334,0.5555555555555557,intermediate
hv39_656,hv39_656.png,JPEGImages/hv39_656.png,0.3202342391014099,light,0.2272727272727272,0.3181818181818182,0.2727272727272727,0.2727272727272727,failure
hv39_679,hv39_679.png,JPEGImages/hv39_679.png,0.3255043923854828,light,0.4666666666666667,0.3333333333333333,0.3333333333333333,0.37777777777777777,intermediate
hv39_786,hv39_786.png,JPEGImages/hv39_786.png,0.2921481430530548,light,1.0,1.0,1.0,1.0,clear
hv39_834,hv39_834.png,JPEGImages/hv39_834.png,0.3091466426849365,light,0.5,0.25,0.75,0.5,intermediate
hv39_838,hv39_838.png,JPEGImages/hv39_838.png,0.2873914241790771,light,0.6666666666666666,1.0,1.0,0.8888888888888888,clear
hv39_907,hv39_907.png,JPEGImages/hv39_907.png,0.2631132900714874,light,0.75,0.75,0.75,0.75,clear
hv39_91,hv39_91.png,JPEGImages/hv39_91.png,0.3479356467723846,light,0.6666666666666666,0.6666666666666666,0.6666666666666666,0.6666666666666666,intermediate
hv39_931,hv39_931.png,JPEGImages/hv39_931.png,0.2841976881027221,light,0.8333333333333334,1.0,0.8333333333333334,0.888888888888889,clear
hv39_936,hv39_936.png,JPEGImages/hv39_936.png,0.2720125019550323,light,0.25,0.5,0.75,0.5,intermediate
hv3_33,hv3_33.png,JPEGImages/hv3_33.png,0.3482861220836639,light,0.5,0.3,0.4,0.4000000000000001,intermediate
hv3_63,hv3_63.png,JPEGImages/hv3_63.png,0.308831512928009,light,1.0,0.5,1.0,0.8333333333333334,clear
hv40_5,hv40_5.png,JPEGImages/hv40_5.png,0.3066567182540893,light,1.0,1.0,1.0,1.0,clear
hv41_46,hv41_46.png,JPEGImages/hv41_46.png,0.3417984545230865,light,1.0,1.0,1.0,1.0,clear
hv42_1028,hv42_1028.png,JPEGImages/hv42_1028.png,0.3345713913440704,light,0.6666666666666666,0.6666666666666666,0.6666666666666666,0.6666666666666666,intermediate
hv42_1071,hv42_1071.png,JPEGImages/hv42_1071.png,0.3145071268081665,light,0.8333333333333334,0.8333333333333334,0.8333333333333334,0.8333333333333334,clear
hv42_20,hv42_20.png,JPEGImages/hv42_20.png,0.2898856401443481,light,1.0,1.0,1.0,1.0,clear
hv42_350,hv42_350.png,JPEGImages/hv42_350.png,0.3124524354934692,light,0.7,0.5,0.5,0.5666666666666667,intermediate
hv42_37,hv42_37.png,JPEGImages/hv42_37.png,0.3405982851982116,light,0.3333333333333333,0.3333333333333333,0.3333333333333333,0.3333333333333333,intermediate
hv42_420,hv42_420.png,JPEGImages/hv42_420.png,0.3476814329624176,light,0.7142857142857143,0.7142857142857143,0.7142857142857143,0.7142857142857143,clear
hv42_433,hv42_433.png,JPEGImages/hv42_433.png,0.3282321691513061,light,0.5714285714285714,0.7142857142857143,0.5714285714285714,0.619047619047619,intermediate
hv42_60,hv42_60.png,JPEGImages/hv42_60.png,0.3228017389774322,light,0.5,1.0,0.5,0.6666666666666666,intermediate
hv42_933,hv42_933.png,JPEGImages/hv42_933.png,0.2447840273380279,clear,0.8333333333333334,0.6666666666666666,0.6666666666666666,0.7222222222222222,clear
hv42_970,hv42_970.png,JPEGImages/hv42_970.png,0.3063192963600158,light,0.75,0.875,1.0,0.875,clear
hv42_976,hv42_976.png,JPEGImages/hv42_976.png,0.322494238615036,light,0.7142857142857143,0.7142857142857143,0.7142857142857143,0.7142857142857143,clear
hv42_981,hv42_981.png,JPEGImages/hv42_981.png,0.282445341348648,light,1.0,1.0,1.0,1.0,clear
hv43_1298,hv43_1298.png,JPEGImages/hv43_1298.png,0.2926427125930786,light,0.5,0.6666666666666666,0.5,0.5555555555555555,intermediate
hv43_1306,hv43_1306.png,JPEGImages/hv43_1306.png,0.2207170724868774,clear,1.0,1.0,1.0,1.0,clear
hv43_931,hv43_931.png,JPEGImages/hv43_931.png,0.1924469918012619,clear,0.6666666666666666,0.3333333333333333,0.6666666666666666,0.5555555555555555,intermediate
hv44_47,hv44_47.png,JPEGImages/hv44_47.png,0.3134855329990387,light,0.6666666666666666,1.0,0.6666666666666666,0.7777777777777777,clear
hv45_159,hv45_159.png,JPEGImages/hv45_159.png,0.0982451513409614,clear,0.0,0.0,0.0,0.0,failure
hv45_31,hv45_31.png,JPEGImages/hv45_31.png,0.154688760638237,clear,0.0,0.0,0.0,0.0,failure
hv45_315,hv45_315.png,JPEGImages/hv45_315.png,0.1340253204107284,clear,0.0,0.0,0.0,0.0,failure
hv45_82,hv45_82.png,JPEGImages/hv45_82.png,0.0615328028798103,clear,0.0,0.0,0.0,0.0,failure
hv47_699,hv47_699.png,JPEGImages/hv47_699.png,0.3365156948566437,light,1.0,1.0,1.0,1.0,clear
hv4_133,hv4_133.png,JPEGImages/hv4_133.png,0.286133348941803,light,0.0,0.0,0.5,0.16666666666666666,failure
hv4_162,hv4_162.png,JPEGImages/hv4_162.png,0.2938677668571472,light,0.4,0.2,0.2,0.26666666666666666,failure
hv4_267,hv4_267.png,JPEGImages/hv4_267.png,0.1878400444984436,clear,0.6,0.6,0.4,0.5333333333333333,intermediate
hv4_273,hv4_273.png,JPEGImages/hv4_273.png,0.1329961717128753,clear,0.6,0.6,0.6,0.6,intermediate
hv4_289,hv4_289.png,JPEGImages/hv4_289.png,0.2974108755588531,light,1.0,1.0,0.75,0.9166666666666666,clear
hv4_294,hv4_294.png,JPEGImages/hv4_294.png,0.2254653424024582,clear,1.0,1.0,1.0,1.0,clear
hv4_304,hv4_304.png,JPEGImages/hv4_304.png,0.3052020967006683,light,0.8571428571428571,0.7142857142857143,0.5714285714285714,0.7142857142857143,clear
hv50_,hv50_.png,JPEGImages/hv50_.png,0.3041023015975952,light,1.0,1.0,1.0,1.0,clear
hv50_223,hv50_223.png,JPEGImages/hv50_223.png,0.3389100432395935,light,0.6,0.4,0.4,0.4666666666666666,intermediate
hv50_26,hv50_26.png,JPEGImages/hv50_26.png,0.3171792328357696,light,1.0,1.0,1.0,1.0,clear
hv50_718,hv50_718.png,JPEGImages/hv50_718.png,0.3278241157531738,light,0.7142857142857143,0.5714285714285714,0.7142857142857143,0.6666666666666666,intermediate
hv5_70,hv5_70.png,JPEGImages/hv5_70.png,0.1411568075418472,clear,0.3,0.3,0.4,0.3333333333333333,intermediate
hv5_75,hv5_75.png,JPEGImages/hv5_75.png,0.1468583941459655,clear,0.2,0.2,0.3,0.2333333333333333,failure
hv5_94,hv5_94.png,JPEGImages/hv5_94.png,0.339186817407608,light,0.3888888888888889,0.3333333333333333,0.4444444444444444,0.38888888888888884,intermediate
hv6_100,hv6_100.png,JPEGImages/hv6_100.png,0.3402052819728851,light,0.0,0.5,0.5,0.3333333333333333,intermediate
hv6_102,hv6_102.png,JPEGImages/hv6_102.png,0.3390370309352875,light,0.0,0.5,0.5,0.3333333333333333,intermediate
hv6_166,hv6_166.png,JPEGImages/hv6_166.png,0.2120881825685501,clear,0.7857142857142857,0.5714285714285714,0.5,0.6190476190476191,intermediate
hv6_204,hv6_204.png,JPEGImages/hv6_204.png,0.3176531195640564,light,0.1538461538461538,0.7692307692307693,0.8461538461538461,0.5897435897435898,intermediate
hv6_208,hv6_208.png,JPEGImages/hv6_208.png,0.3423458933830261,light,0.0,0.5555555555555556,0.2222222222222222,0.25925925925925924,failure
hv6_96,hv6_96.png,JPEGImages/hv6_96.png,0.1754198670387268,clear,0.6,0.3,0.7,0.5333333333333333,intermediate
hv7_27,hv7_27.png,JPEGImages/hv7_27.png,0.2802280783653259,light,0.0,0.0,0.0,0.0,failure
